origin,destination,path
Владивосток,Москва,Владивосток — Хабаровск — Свободный — Сковородино — Чита — Улан-Удэ — Иркутск — Красноярск — Кемерово — Новосибирск — Омск — Тюмень — Екатеринбург — Набережные Челны — Казань — Чебоксары — Нижний Новгород — Владимир — Москва

Владивосток,Москва,Владивосток — Хабаровск — Свободный — Сковородино — Чита — Улан-Удэ — Иркутск — Красноярск — Кемерово — Новосибирск — Омск — Курган — Челябинск — Уфа — Набережные Челны — Казань — Чебоксары — Нижний Новгород — Владимир — Москва

Владивосток,Краснодар,Владивосток — Хабаровск — Свободный — Сковородино — Чита — Улан-Удэ — Иркутск — Красноярск — Кемерово — Новосибирск — Омск — Тюмень — Екатеринбург — Уфа — Тольятти — Саратов — Воронеж — Ростов-на-Дону — Краснодар

Владивосток,Краснодар,Владивосток — Хабаровск — Свободный — Сковородино — Чита — Улан-Удэ — Иркутск — Красноярск — Кемерово — Новосибирск — Омск — Тюмень — Екатеринбург — Уфа — Тольятти — Саратов — Волгоград — Ростов-на-Дону — Краснодар

Владивосток,Краснодар,Владивосток — Хабаровск — Свободный — Сковородино — Чита — Улан-Удэ — Иркутск — Красноярск — Кемерово — Новосибирск — Омск — Курган — Челябинск — Уфа — Тольятти — Саратов — Воронеж — Ростов-на-Дону — Краснодар

Владивосток,Краснодар,Владивосток — Хабаровск — Свободный — Сковородино — Чита — Улан-Удэ — Иркутск — Красноярск — Кемерово — Новосибирск — Омск — Курган — Челябинск — Уфа — Тольятти — Саратов — Волгоград — Ростов-на-Дону — Краснодар

Владивосток,Невинномысск,Владивосток — Хабаровск — Свободный — Сковородино — Чита — Улан-Удэ — Иркутск — Красноярск — Кемерово — Новосибирск — Омск — Тюмень — Екатеринбург — Уфа — Тольятти — Саратов — Волгоград — Элиста — Астрахань — Махачкала — Грозный — Владикавказ — Нальчик — Минеральные Воды — Невинномысск

Владивосток,Махачкала,Владивосток — Хабаровск — Свободный — Сковородино — Чита — Улан-Удэ — Иркутск — Красноярск — Кемерово — Новосибирск — Омск — Тюмень — Екатеринбург — Уфа — Тольятти — Саратов — Волгоград — Элиста — Невинномысск — Минеральные Воды — Нальчик — Владикавказ — Грозный — Махачкала

Владивосток,Невинномысск,Владивосток — Хабаровск — Свободный — Сковородино — Чита — Улан-Удэ — Иркутск — Красноярск — Кемерово — Новосибирск — Омск — Курган — Челябинск — Уфа — Тольятти — Саратов — Волгоград — Элиста — Астрахань — Махачкала — Грозный — Владикавказ — Нальчик — Минеральные Воды — Невинномысск

Владивосток,Махачкала,Владивосток — Хабаровск — Свободный — Сковородино — Чита — Улан-Удэ — Иркутск — Красноярск — Кемерово — Новосибирск — Омск — Курган — Челябинск — Уфа — Тольятти — Саратов — Волгоград — Элиста — Невинномысск — Минеральные Воды — Нальчик — Владикавказ — Грозный — Махачкала

Новый Уренгой,Владивосток,Новый Уренгой — Сургут — Тюмень — Новосибирск — Кемерово — Красноярск — Иркутск — Улан-Удэ — Чита — Сковородино — Свободный — Хабаровск — Владивосток

Новый Уренгой,Москва,Новый Уренгой — Сургут — Тюмень — Екатеринбург — Пермь — Киров — Кострома — Ярославль — Москва

Новый Уренгой,Москва,Новый Уренгой — Сургут — Тюмень — Екатеринбург — Пермь — Ижевск — Набережные Челны — Казань — Чебоксары — Нижний Новгород — Владимир — Москва

Новый Уренгой,Москва,Новый Уренгой — Сургут — Тюмень — Екатеринбург — Набережные Челны — Казань — Чебоксары — Нижний Новгород — Владимир — Москва

Новый Уренгой,Краснодар,Новый Уренгой — Сургут — Тюмень — Екатеринбург — Уфа — Тольятти — Саратов — Воронеж — Ростов-на-Дону — Краснодар

Новый Уренгой,Краснодар,Новый Уренгой — Сургут — Тюмень — Екатеринбург — Уфа — Тольятти — Саратов — Волгоград — Ростов-на-Дону — Краснодар

Новый Уренгой,Краснодар,Новый Уренгой — Сургут — Тюмень — Курган — Челябинск — Уфа — Тольятти — Саратов — Воронеж — Ростов-на-Дону — Краснодар

Новый Уренгой,Краснодар,Новый Уренгой — Сургут — Тюмень — Курган — Челябинск — Уфа — Тольятти — Саратов — Волгоград — Ростов-на-Дону — Краснодар

Новый Уренгой,Махачкала,Новый Уренгой — Сургут — Тюмень — Екатеринбург — Уфа — Тольятти — Саратов — Волгоград — Элиста — Астрахань — Махачкала

Новый Уренгой,Махачкала,Новый Уренгой — Сургут — Тюмень — Курган — Челябинск — Уфа — Тольятти — Саратов — Волгоград — Элиста — Астрахань — Махачкала

Новый Уренгой,Владикавказ,Новый Уренгой — Сургут — Тюмень — Екатеринбург — Уфа — Тольятти — Саратов — Волгоград — Элиста — Невинномысск — Минеральные Воды — Нальчик — Владикавказ

Новый Уренгой,Владикавказ,Новый Уренгой — Сургут — Тюмень — Курган — Челябинск — Уфа — Тольятти — Саратов — Волгоград — Элиста — Невинномысск — Минеральные Воды — Нальчик — Владикавказ

Новый Уренгой,Махачкала,Новый Уренгой — Сургут — Тюмень — Екатеринбург — Уфа — Тольятти — Саратов — Волгоград — Элиста — Невинномысск — Минеральные Воды — Нальчик — Владикавказ — Грозный — Махачкала

Новый Уренгой,Махачкала,Новый Уренгой — Сургут — Тюмень — Курган — Челябинск — Уфа — Тольятти — Саратов — Волгоград — Элиста — Невинномысск — Минеральные Воды — Нальчик — Владикавказ — Грозный — Махачкала

Мурманск,Москва,Мурманск — Медвежьегорск — Петрозаводск — Санкт-Петербург — Москва

Мурманск,Москва,Мурманск — Медвежьегорск — Вологда — Ярославль — Москва

Москва,Краснодар,Москва — Воронеж — Ростов-на-Дону — Краснодар

Москва,Владикавказ,Москва — Воронеж — Ростов-на-Дону — Невинномысск — Минеральные Воды — Нальчик — Владикавказ

Москва,Махачкала,Москва — Тамбов — Волгоград — Элиста — Будённовск — Грозный — Махачкала

Москва,Махачкала,Москва — Тамбов — Волгоград — Элиста — Астрахань — Махачкала

Москва,Санкт-Петербург,Москва — Тверь — Великий Новгород — Санкт-Петербург

Москва,Калининград,Москва — Тверь — Великий Новгород — Санкт-Петербург — Калининград

Ростов-на-Дону,Севастополь,Ростов-на-Дону — Мариуполь — Мелитополь — Симферополь

Ростов-на-Дону,Севастополь,Ростов-на-Дону — Краснодар — Керчь — Симферополь

Тольятти,Орск,Тольятти — Оренбург — Орск

Москва,Тольятти,Москва — Рязань — Пенза — Тольятти

Йошкар-Ола,Москва,Йошкар-Ола — Казань — Чебоксары — Нижний Новгород — Владимир — Москва

Сыктывкар,Москва,Сыктывкар — Киров — Ярославль — Москва

Ханты-Мансийск,Москва,Ханты-Мансийск — Сургут — Тюмень — Екатеринбург — Пермь — Киров — Кострома — Ярославль — Москва

Ханты-Мансийск,Москва,Ханты-Мансийск — Сургут — Тюмень — Екатеринбург — Пермь — Ижевск — Набережные Челны — Казань — Чебоксары — Нижний Новгород — Владимир — Москва

Ханты-Мансийск,Москва,Ханты-Мансийск — Сургут — Тюмень — Екатеринбург — Набережные Челны — Казань — Чебоксары — Нижний Новгород — Владимир — Москва

Нижневартовск,Москва,Нижневартовск — Сургут — Тюмень — Екатеринбург — Пермь — Киров — Кострома — Ярославль — Москва

Нижневартовск,Москва,Нижневартовск — Сургут — Тюмень — Екатеринбург — Пермь — Ижевск — Набережные Челны — Казань — Чебоксары — Нижний Новгород — Владимир — Москва

Нижневартовск,Москва,Нижневартовск — Сургут — Тюмень — Екатеринбург — Набережные Челны — Казань — Чебоксары — Нижний Новгород — Владимир — Москва

Абакан,Москва,Абакан — Красноярск — Кемерово — Новосибирск — Омск — Тюмень — Екатеринбург — Набережные Челны — Казань — Чебоксары — Нижний Новгород — Владимир — Москва

Абакан,Москва,Абакан — Красноярск — Кемерово — Новосибирск — Омск — Курган — Челябинск — Уфа — Набережные Челны — Казань — Чебоксары — Нижний Новгород — Владимир — Москва

Кызыл,Москва,Кызыл —Абакан — Красноярск — Кемерово — Новосибирск — Омск — Тюмень — Екатеринбург — Набережные Челны — Казань — Чебоксары — Нижний Новгород — Владимир — Москва

Кызыл,Москва,Кызыл — Абакан — Красноярск — Кемерово — Новосибирск — Омск — Курган — Челябинск — Уфа — Набережные Челны — Казань — Чебоксары — Нижний Новгород — Владимир — Москва

Новокузнецк,Москва,Новокузнецк — Кемерово — Новосибирск — Омск — Тюмень — Екатеринбург — Набережные Челны — Казань — Чебоксары — Нижний Новгород — Владимир — Москва

Новокузнецк,Москва,Новокузнецк — Кемерово — Новосибирск — Омск — Курган — Челябинск — Уфа — Набережные Челны — Казань — Чебоксары — Нижний Новгород — Владимир — Москва

Бийск,Москва,Бийск — Барнаул — Новосибирск — Омск — Тюмень — Екатеринбург — Набережные Челны — Казань — Чебоксары — Нижний Новгород — Владимир — Москва

Бийск,Москва,Бийск — Барнаул — Новосибирск — Омск — Курган — Челябинск — Уфа — Набережные Челны — Казань — Чебоксары — Нижний Новгород — Владимир — Москва

Барнаул,Москва,Барнаул — Новосибирск — Омск — Тюмень — Екатеринбург — Набережные Челны — Казань — Чебоксары — Нижний Новгород — Владимир — Москва

Барнаул,Москва,Барнаул — Новосибирск — Омск — Курган — Челябинск — Уфа — Набережные Челны — Казань — Чебоксары — Нижний Новгород — Владимир — Москва

Якутск,Москва,Якутск — Чита — Улан-Удэ — Иркутск — Красноярск — Кемерово — Новосибирск — Омск — Тюмень — Екатеринбург — Набережные Челны — Казань — Чебоксары — Нижний Новгород — Владимир — Москва

Якутск,Москва,Якутск — Чита — Улан-Удэ — Иркутск — Красноярск — Кемерово — Новосибирск — Омск — Курган — Челябинск — Уфа — Набережные Челны — Казань — Чебоксары — Нижний Новгород — Владимир — Москва

Томск,Москва,Томск — Новосибирск — Омск — Тюмень — Екатеринбург — Набережные Челны — Казань — Чебоксары — Нижний Новгород — Владимир — Москва

Томск,Москва,Томск — Новосибирск — Омск — Курган — Челябинск — Уфа — Набережные Челны — Казань — Чебоксары — Нижний Новгород — Владимир — Москва
